{"cameraMode":{"drawMode":0,"name":"Shaded","section":"Shading Mode"},"sceneLighting":false,"audioPlay":false,"sceneViewState":{"m_AlwaysRefresh":false,"showFog":true,"showSkybox":false,"showFlares":true,"showImageEffects":true,"showParticleSystems":true,"showVisualEffectGraphs":true,"m_FxEnabled":true},"in2DMode":false,"pivot":{"x":0.20119071006774903,"y":2.1137514114379885,"z":-0.046935319900512698},"rotation":{"x":0.5833221077919006,"y":-0.002440275391563773,"z":0.001752382842823863,"w":0.8122460246086121},"size":6.489634037017822,"orthographic":false}