{"cameraMode":{"drawMode":0,"name":"Shaded","section":"Shading Mode"},"sceneLighting":false,"audioPlay":false,"sceneViewState":{"m_AlwaysRefresh":false,"showFog":true,"showSkybox":false,"showFlares":true,"showImageEffects":true,"showParticleSystems":true,"showVisualEffectGraphs":true,"m_FxEnabled":true},"in2DMode":false,"pivot":{"x":0.2630448341369629,"y":0.3220083713531494,"z":0.21839749813079835},"rotation":{"x":-0.3314790427684784,"y":-0.48564210534095766,"z":0.20579838752746583,"w":-0.7822656631469727},"size":4.1877875328063969,"orthographic":false}