{"cameraMode":{"drawMode":0,"name":"Shaded","section":"Shading Mode"},"sceneLighting":false,"audioPlay":false,"sceneViewState":{"m_AlwaysRefresh":false,"showFog":true,"showSkybox":false,"showFlares":true,"showImageEffects":true,"showParticleSystems":true,"showVisualEffectGraphs":true,"m_FxEnabled":true},"in2DMode":false,"pivot":{"x":0.6989580988883972,"y":-0.06657993793487549,"z":7.259356498718262},"rotation":{"x":-0.6905847191810608,"y":0.005005046725273132,"z":-0.004767372738569975,"w":-0.7232323884963989},"size":3.5776896476745607,"orthographic":false}