{"cameraMode":{"drawMode":0,"name":"Shaded","section":"Shading Mode"},"sceneLighting":false,"audioPlay":false,"sceneViewState":{"m_AlwaysRefresh":false,"showFog":true,"showSkybox":false,"showFlares":true,"showImageEffects":true,"showParticleSystems":true,"showVisualEffectGraphs":true,"m_FxEnabled":true},"in2DMode":false,"pivot":{"x":-0.0471726655960083,"y":0.9900004267692566,"z":-0.013810157775878907},"rotation":{"x":0.5833221077919006,"y":-0.002440275391563773,"z":0.001752382842823863,"w":0.8122460246086121},"size":1.9637901782989503,"orthographic":false}